{
     "indexes": [
       {
         "collectionGroup": "registrations",
         "queryScope": "COLLECTION",
         "fields": [
           { "fieldPath": "eventId", "order": "ASCENDING" },
           { "fieldPath": "createdAt", "order": "DESCENDING" }
         ]
       },
       {
         "collectionGroup": "registrations",
         "queryScope": "COLLECTION",
         "fields": [
           { "fieldPath": "status", "order": "ASCENDING" },
           { "fieldPath": "createdAt", "order": "DESCENDING" }
         ]
       },
       {
         "collectionGroup": "registrations",
         "queryScope": "COLLECTION",
         "fields": [
           { "fieldPath": "eventId", "order": "ASCENDING" },
           { "fieldPath": "status", "order": "ASCENDING" },
           { "fieldPath": "createdAt", "order": "DESCENDING" }
         ]
       },
       {
         "collectionGroup": "registrations",
         "queryScope": "COLLECTION",
         "fields": [
           { "fieldPath": "registrantId", "order": "ASCENDING" },
           { "fieldPath": "createdAt", "order": "DESCENDING" }
         ]
       }
     ],
     "fieldOverrides": []
   }
   